product_id,product_name,brand,price_inr,discounted_price_inr,discount_percent,material,color,seater_type,dimensions_cm,weight_kg,rating,num_reviews,style_category,cushion_type,leg_material,assembly_required,warranty_years,in_stock,brand_product_count,brand_avg_rating,brand_total_reviews,brand_avg_price,brand_avg_discount,brand_instock_rate,popularity_score,brand_tier,brand_popularity_rank,brand_price_segment,associated_brands,value_score,price_per_kg,is_premium,high_rated,review_engagement
P001,Frejol Velvet 2 Seater Sofa In Steel Grey Colour,Hometown,19674,16100,18,Fabric,Steel Grey,2 Seater,172x76x84,36.7,3.6,258,Vintage,Coil Spring,Sheesham Wood,Yes,1,Yes,11,4.16,3264,31809.09,12.18,90.91,0.32,Budget,15,Mid-Range,"@home, Damro, Durian, FabIndia",57.6894,438.69,0,0,Medium
P002,Jessy Fabric 2 Seater Sofa In Grey Colour,Zuari,35213,31700,10,PU Leather,Grey,2 Seater,172x76x84,73.4,4.0,179,Vintage,High Resilience Foam,Walnut Wood,No,10,Yes,11,4.11,3833,28254.55,14.36,90.91,0.3257,Budget,13,Mid-Range,"@home, Damro, Durian, FabIndia",22.5868,431.88,0,0,Medium
P003,Bari Leatherette 2 Seater Sofa In Earthy Brown Colour,Recliners India,36424,29500,19,Chenille,Earthy Brown,2 Seater,176x80x84,64.5,5.0,407,Modern,Foam + Spring,Metal,No,10,Yes,12,4.34,4228,34000.0,11.75,83.33,0.5015,Mid,5,Mid-Range,"@home, Damro, Durian, FabIndia",68.9831,457.36,0,1,High
P004,Alejandro Velvet 2 Seater Sofa In Tan Colour,Damro,37615,33100,12,Jacquard Fabric,Tan,2 Seater,168x73x78,82.7,4.1,484,Traditional,Pocket Spring,Stainless Steel,Yes,2,Yes,9,4.26,3190,37822.22,13.67,88.89,0.344,Budget,10,Mid-Range,"@home, Durian, FabIndia, Featherlite",59.9517,400.24,0,0,High
P005,Miranda Chenille 2 Seater Sofa In Charcoal Colour,Nilkamal,28752,25300,12,Jacquard Fabric,Charcoal,2 Seater,174x78x84,44.0,4.1,590,Classic,Pocket Spring,Plastic,Yes,10,Yes,10,4.31,3058,35150.0,16.2,80.0,0.3429,Budget,11,Mid-Range,"@home, Damro, Durian, FabIndia",95.6126,575.0,0,0,High
P006,Andres Chenille 2 Seater Sofa In Off White Colour,Urban Ladder,13456,10400,23,Genuine Leather,Off White,2 Seater,176x79x84,83.2,4.0,531,Rustic,Foam,Solid Oak,No,2,Yes,11,4.35,4073,28190.91,15.36,90.91,0.5185,Mid,4,Mid-Range,"@home, Damro, Durian, FabIndia",204.2308,125.0,0,0,High
P007,Luxor Leatherette 2 Seater Sofa In Rustic Brown Colour,Furlenco,81176,68200,16,Linen,Rustic Brown,2 Seater,190x85x90,47.1,5.0,541,Casual,Foam + Fibre,Sheesham Wood,No,10,Yes,9,4.59,2889,35955.56,14.33,100.0,0.6179,Mid,2,Mid-Range,"@home, Damro, Durian, FabIndia",39.6628,1447.98,1,1,High
P008,Scandic Wooden 2 Seater Sofa In Earthy Brown Colour,Urban Ladder,16304,13500,17,Chenille,Earthy Brown,2 Seater,185x84x86,67.8,4.2,277,Scandinavian,Foam + Fibre,Solid Oak,No,10,No,11,4.35,4073,28190.91,15.36,90.91,0.5185,Mid,4,Mid-Range,"@home, Damro, Durian, FabIndia",86.1778,199.12,0,0,Medium
P009,Casper Velvet 2 Seater Sofa In Light Brown Colour,Wakefit,49247,44300,10,Chenille,Light Brown,2 Seater,174x78x84,60.0,4.9,289,Luxury,High Resilience Foam,Solid Oak,No,1,No,9,4.3,2561,47777.78,13.33,88.89,0.3266,Budget,12,Premium,"Evok, Stanley",31.9661,738.33,1,1,Medium
P010,Nordic Linen 2 Seater Sofa In Earthy Brown Colour,Nilkamal,40294,31400,22,Printed Fabric,Earthy Brown,2 Seater,180x82x86,87.4,4.9,20,Modern,Coil Spring,Plastic,Yes,1,Yes,10,4.31,3058,35150.0,16.2,80.0,0.3429,Budget,11,Mid-Range,"@home, Damro, Durian, FabIndia",3.121,359.27,0,1,Low
P011,Elegance Suede 2 Seater Sofa In Caramel Colour,Wakefit,11403,9100,20,Chenille,Caramel,2 Seater,165x72x78,79.9,5.0,565,Classic,Coil Spring,Sheesham Wood,Yes,10,Yes,9,4.3,2561,47777.78,13.33,88.89,0.3266,Budget,12,Premium,"Evok, Stanley",310.4396,113.89,0,1,High
P012,Brio Polyester 2 Seater Sofa In Carbon Grey Colour,@home,31681,27200,14,Top Grain Leather,Carbon Grey,2 Seater,185x80x88,56.9,4.5,402,Scandinavian,Coil Spring,Brass Finished Wood,No,2,Yes,9,4.19,2374,28044.44,13.67,88.89,0.2326,Budget,18,Mid-Range,"Damro, Durian, FabIndia, Featherlite",66.5074,478.03,0,1,High
P013,Luxe PU Leather 2 Seater Sofa In Floral Pink Colour,Furlenco,29642,26100,12,Chenille,Floral Pink,2 Seater,176x79x84,35.4,4.6,80,Mid-Century Modern,Pocket Spring,Metal,Yes,10,Yes,9,4.59,2889,35955.56,14.33,100.0,0.6179,Mid,2,Mid-Range,"@home, Damro, Durian, FabIndia",14.0996,737.29,0,1,Low
P014,Heritage Teak 2 Seater Sofa In Graphite Colour,Urban Ladder,31852,24500,23,Polyester,Graphite,2 Seater,174x78x84,66.7,3.9,504,Modern,High Resilience Foam,Sheesham Wood,No,2,Yes,11,4.35,4073,28190.91,15.36,90.91,0.5185,Mid,4,Mid-Range,"@home, Damro, Durian, FabIndia",80.2286,367.32,0,0,High
P015,Studio Cotton 2 Seater Sofa In Ash Grey Colour,Hometown,11612,10900,6,Chenille,Ash Grey,2 Seater,178x80x86,57.1,4.0,131,Luxury,Foam + Spring,Mango Wood,No,5,Yes,11,4.16,3264,31809.09,12.18,90.91,0.32,Budget,15,Mid-Range,"@home, Damro, Durian, FabIndia",48.0734,190.89,0,0,Medium
P016,Zen Recliner 2 Seater Sofa In Ash Grey Colour,Zuari,17260,13500,22,Microsuede,Ash Grey,2 Seater,174x78x84,40.4,4.5,573,Scandinavian,Foam + Spring,Solid Wood,No,2,Yes,11,4.11,3833,28254.55,14.36,90.91,0.3257,Budget,13,Mid-Range,"@home, Damro, Durian, FabIndia",191.0,334.16,0,1,High
P017,Classic Leather 2 Seater Sofa In Beige Colour,Stanley,26210,24900,5,Microfiber,Beige,2 Seater,172x76x82,89.2,3.9,485,Minimalist,Feather + Foam,Reclaimed Wood,No,1,Yes,8,4.34,2760,43687.5,13.25,100.0,0.4094,Budget,7,Premium,"Evok, Wakefit",75.9639,279.15,0,0,High
P018,Bloom Jacquard 2 Seater Sofa In Sky Blue Colour,Zuari,15138,14200,6,Handloom Cotton,Sky Blue,2 Seater,172x76x82,37.8,4.2,563,Scandinavian,Pocket Spring,Teak Wood,Yes,10,Yes,11,4.11,3833,28254.55,14.36,90.91,0.3257,Budget,13,Mid-Range,"@home, Damro, Durian, FabIndia",166.5211,375.66,0,0,High
P019,Futon Convertible 2 Seater Sofa In Floral Pink Colour,Pepperfry,19333,17000,12,Microfiber,Floral Pink,2 Seater,185x84x86,66.8,3.6,103,Modern,Bonded Foam,Metal,Yes,3,Yes,11,4.26,3273,30181.82,15.73,90.91,0.3936,Budget,9,Mid-Range,"@home, Damro, Durian, FabIndia",21.8118,254.49,0,0,Medium
P020,Royale Silk Velvet 2 Seater Sofa In Royal Blue Colour,Featherlite,47970,43700,9,Printed Fabric,Royal Blue,2 Seater,185x84x86,71.9,3.9,343,Classic,Coil Spring,Sheesham Wood,No,2,No,11,4.36,3342,33145.45,11.73,81.82,0.4262,Budget,6,Mid-Range,"@home, Damro, Durian, FabIndia",30.611,607.79,1,0,High
P021,Maven Faux Leather 2 Seater Sofa In Rustic Brown Colour,Pepperfry,28289,24600,13,Fabric,Rustic Brown,2 Seater,168x74x82,42.3,4.0,90,Bohemian,Bonded Foam,Solid Rosewood,Yes,7,Yes,11,4.26,3273,30181.82,15.73,90.91,0.3936,Budget,9,Mid-Range,"@home, Damro, Durian, FabIndia",14.6341,581.56,0,0,Low
P022,Comfort Plus Fabric 2 Seater Sofa In Charcoal Colour,Woodcraft,38395,34900,9,Microfiber,Charcoal,2 Seater,175x78x82,49.5,4.8,586,Bohemian,High Resilience Foam,Stainless Steel,Yes,7,Yes,8,4.28,2915,28162.5,12.75,87.5,0.3146,Budget,16,Mid-Range,"@home, Damro, Durian, FabIndia",80.596,705.05,0,1,High
P023,Aria Fabric 2 Seater Sofa In Tan Colour,Damro,71458,67200,6,PU Leather,Tan,2 Seater,185x84x86,40.1,4.1,303,Vintage,Memory Foam,Sheesham Wood,No,7,Yes,9,4.26,3190,37822.22,13.67,88.89,0.344,Budget,10,Mid-Range,"@home, Durian, FabIndia, Featherlite",18.4866,1675.81,1,0,High
P024,Imperio PU Leather 2 Seater Sofa In Off White Colour,Godrej Interio,11832,11000,7,Suede,Off White,2 Seater,188x86x92,87.0,4.5,172,Scandinavian,Feather + Foam,Brass Finished Wood,No,7,Yes,14,4.29,4744,36264.29,15.43,92.86,0.5842,Mid,3,Mid-Range,"@home, Damro, Durian, FabIndia",70.3636,126.44,0,1,Medium
P025,Meadow Handloom 2 Seater Sofa In Cognac Colour,Springwel,15862,14100,11,Top Grain Leather,Cognac,2 Seater,165x72x78,72.5,4.5,382,Scandinavian,Foam + Spring,Solid Wood,No,3,Yes,12,4.18,3947,25216.67,14.75,91.67,0.4057,Budget,8,Mid-Range,"@home, Damro, Durian, FabIndia",121.9149,194.48,0,1,High
P026,Posh Velvet 2 Seater Sofa In Graphite Colour,IKEA,32068,27300,15,Linen,Graphite,2 Seater,170x75x80,78.0,4.1,274,Mid-Century Modern,Foam + Fibre,Solid Oak,No,1,Yes,18,4.26,6022,27005.56,15.72,88.89,0.7038,Top,1,Mid-Range,"@home, Damro, Durian, FabIndia",41.1502,350.0,0,0,Medium
P027,Serene Microsuede 2 Seater Sofa In Dark Green Colour,Hometown,45001,39600,12,Silk Velvet,Dark Green,2 Seater,172x76x84,47.3,4.5,428,Rustic,Foam,Reclaimed Wood,Yes,5,Yes,11,4.16,3264,31809.09,12.18,90.91,0.32,Budget,15,Mid-Range,"@home, Damro, Durian, FabIndia",48.6364,837.21,0,1,High
P028,Tropicana Printed 2 Seater Sofa In Light Brown Colour,Pepperfry,14279,12900,10,Suede,Light Brown,2 Seater,185x84x86,66.9,5.0,59,Classic,High Resilience Foam,Walnut Wood,No,1,Yes,11,4.26,3273,30181.82,15.73,90.91,0.3936,Budget,9,Mid-Range,"@home, Damro, Durian, FabIndia",22.8682,192.83,0,1,Low
P029,Monarch Leather 2 Seater Sofa In Black Colour,Springwel,24174,22700,6,Polyester,Black,2 Seater,168x74x82,74.0,3.5,571,Minimalist,Bonded Foam,Brass Finished Wood,No,10,Yes,12,4.18,3947,25216.67,14.75,91.67,0.4057,Budget,8,Mid-Range,"@home, Damro, Durian, FabIndia",88.0396,306.76,0,0,High
P030,Plush Fabric 2 Seater Sofa In Burgundy Colour,Durian,51618,44400,14,Jacquard Fabric,Burgundy,2 Seater,176x79x84,71.7,4.0,322,Minimalist,High Density Foam,Plastic,No,1,Yes,6,4.27,1629,26766.67,13.67,83.33,0.1579,Budget,19,Mid-Range,"@home, Damro, FabIndia, Featherlite",29.009,619.25,1,0,High
P031,Vintage Reclaimed 2 Seater Sofa In Ash Grey Colour,IKEA,14978,12900,14,Silk Velvet,Ash Grey,2 Seater,183x84x88,46.6,4.7,349,Luxury,Foam + Fibre,Solid Rosewood,No,3,Yes,18,4.26,6022,27005.56,15.72,88.89,0.7038,Top,1,Mid-Range,"@home, Damro, Durian, FabIndia",127.155,276.82,0,1,High
P032,Alesund Fabric 2 Seater Sofa In Mustard Yellow Colour,Durian,38061,33500,12,Printed Fabric,Mustard Yellow,2 Seater,168x73x78,72.0,3.8,223,Bohemian,Foam + Fibre,Plastic,No,7,Yes,6,4.27,1629,26766.67,13.67,83.33,0.1579,Budget,19,Mid-Range,"@home, Damro, FabIndia, Featherlite",25.2955,465.28,0,0,Medium
P033,Regal Chesterfield 2 Seater Sofa In Cream Colour,Stanley,81192,71400,12,Handloom Cotton,Cream,2 Seater,178x80x86,43.1,4.5,129,Traditional,High Density Foam,Reclaimed Wood,Yes,3,Yes,8,4.34,2760,43687.5,13.25,100.0,0.4094,Budget,7,Premium,"Evok, Wakefit",8.1303,1656.61,1,1,Medium
P034,Compact Polyester 2 Seater Sofa In Teal Colour,Nilkamal,33131,26800,19,Printed Fabric,Teal,2 Seater,172x76x84,71.7,5.0,344,Bohemian,Foam,Brass Finished Wood,Yes,5,No,10,4.31,3058,35150.0,16.2,80.0,0.3429,Budget,11,Mid-Range,"@home, Damro, Durian, FabIndia",64.1791,373.78,0,1,High
P035,Comfy Microfiber 2 Seater Sofa In Graphite Colour,Furlenco,43102,32300,25,Printed Fabric,Graphite,2 Seater,170x75x80,50.3,4.7,516,Minimalist,High Resilience Foam,Reclaimed Wood,No,5,Yes,9,4.59,2889,35955.56,14.33,100.0,0.6179,Mid,2,Mid-Range,"@home, Damro, Durian, FabIndia",75.0836,642.15,0,1,High
P036,Havana Leather 2 Seater Sofa In Dark Blue Colour,Furlenco,12267,11200,9,Leatherette,Dark Blue,2 Seater,174x78x84,47.7,4.5,239,Vintage,Coil Spring,Sheesham Wood,No,3,Yes,9,4.59,2889,35955.56,14.33,100.0,0.6179,Mid,2,Mid-Range,"@home, Damro, Durian, FabIndia",96.0268,234.8,0,1,Medium
P037,Porto Velvet 2 Seater Sofa In Black Colour,Recliners India,19432,16100,17,Top Grain Leather,Black,2 Seater,172x76x82,61.2,4.9,325,Bohemian,Foam + Spring,Wood,No,3,Yes,12,4.34,4228,34000.0,11.75,83.33,0.5015,Mid,5,Mid-Range,"@home, Damro, Durian, FabIndia",98.913,263.07,0,1,High
P038,Cairo Linen 2 Seater Sofa In Light Brown Colour,IKEA,24472,20100,18,Top Grain Leather,Light Brown,2 Seater,185x80x88,61.7,4.1,434,Vintage,High Resilience Foam,Solid Oak,Yes,5,Yes,18,4.26,6022,27005.56,15.72,88.89,0.7038,Top,1,Mid-Range,"@home, Damro, Durian, FabIndia",88.5274,325.77,0,0,High
P039,Oslo Fabric 2 Seater Sofa In Cognac Colour,Furlenco,63894,51800,19,Linen,Cognac,2 Seater,178x80x84,45.0,3.9,355,Traditional,High Resilience Foam,Wood,Yes,1,Yes,9,4.59,2889,35955.56,14.33,100.0,0.6179,Mid,2,Mid-Range,"@home, Damro, Durian, FabIndia",26.7278,1151.11,1,0,High
P040,Kyoto Suede 2 Seater Sofa In Off White Colour,Recliners India,15733,13800,12,Silk Velvet,Off White,2 Seater,168x73x78,70.8,4.7,61,Casual,Foam + Spring,Teak Wood,No,1,Yes,12,4.34,4228,34000.0,11.75,83.33,0.5015,Mid,5,Mid-Range,"@home, Damro, Durian, FabIndia",20.7754,194.92,0,1,Low
P041,Lima Cotton 2 Seater Sofa In Teal Colour,Durian,27620,24000,13,Fabric,Teal,2 Seater,168x78x80,77.2,3.8,137,Traditional,Foam + Fibre,Sheesham Wood,No,1,Yes,6,4.27,1629,26766.67,13.67,83.33,0.1579,Budget,19,Mid-Range,"@home, Damro, FabIndia, Featherlite",21.6917,310.88,0,0,Medium
P042,Vienna Chenille 2 Seater Sofa In Ivory Colour,Woodcraft,21246,16400,23,Chenille,Ivory,2 Seater,183x84x88,73.0,4.4,124,Traditional,Foam,Teak Wood,No,3,Yes,8,4.28,2915,28162.5,12.75,87.5,0.3146,Budget,16,Mid-Range,"@home, Damro, Durian, FabIndia",33.2683,224.66,0,0,Medium
P043,Berlin Fabric 2 Seater Sofa In Tan Colour,Damro,79286,73700,7,Chenille,Tan,2 Seater,165x72x78,62.8,4.0,450,Industrial,Bonded Foam,Solid Oak,No,7,Yes,9,4.26,3190,37822.22,13.67,88.89,0.344,Budget,10,Mid-Range,"@home, Durian, FabIndia, Featherlite",24.4233,1173.57,1,0,High
P044,Roma Leatherette 2 Seater Sofa In Dark Brown Colour,IKEA,52635,42100,20,Jacquard Fabric,Dark Brown,2 Seater,168x78x80,60.6,4.7,294,Luxury,Feather + Foam,Stainless Steel,No,1,Yes,18,4.26,6022,27005.56,15.72,88.89,0.7038,Top,1,Mid-Range,"@home, Damro, Durian, FabIndia",32.8219,694.72,1,1,Medium
P045,Seoul Velvet 2 Seater Sofa In Teal Colour,Pepperfry,18098,15400,15,Suede,Teal,2 Seater,180x80x85,45.0,3.8,284,Bohemian,Pocket Spring,Solid Oak,No,3,Yes,11,4.26,3273,30181.82,15.73,90.91,0.3936,Budget,9,Mid-Range,"@home, Damro, Durian, FabIndia",70.0779,342.22,0,0,Medium
P046,Dubai Leather 2 Seater Sofa In Graphite Colour,Damro,87020,67900,22,Suede,Graphite,2 Seater,172x76x82,76.7,4.5,522,Artisanal,Foam,Brass Finished Wood,Yes,2,Yes,9,4.26,3190,37822.22,13.67,88.89,0.344,Budget,10,Mid-Range,"@home, Durian, FabIndia, Featherlite",34.595,885.27,1,1,High
P047,Paris Jacquard 2 Seater Sofa In Grey Colour,Pepperfry,50508,39400,22,Cotton Fabric,Grey,2 Seater,172x76x84,64.2,4.1,583,Mid-Century Modern,Foam + Spring,Stainless Steel,No,10,Yes,11,4.26,3273,30181.82,15.73,90.91,0.3936,Budget,9,Mid-Range,"@home, Damro, Durian, FabIndia",60.6675,613.71,0,0,High
P048,Tokyo Microfiber 2 Seater Sofa In Sky Blue Colour,Furlenco,18779,16900,10,Suede,Sky Blue,2 Seater,168x74x82,45.5,4.6,303,Casual,Coil Spring,Sheesham Wood,Yes,3,Yes,9,4.59,2889,35955.56,14.33,100.0,0.6179,Mid,2,Mid-Range,"@home, Damro, Durian, FabIndia",82.4734,371.43,0,1,High
P049,Sydney Fabric 2 Seater Sofa In Earthy Brown Colour,Evok,35464,27700,22,Cotton Fabric,Earthy Brown,2 Seater,172x76x84,42.0,3.6,75,Modern,Pocket Spring,Teak Wood,No,1,Yes,7,4.39,1297,40571.43,17.29,100.0,0.3208,Budget,14,Premium,"Stanley, Wakefit",9.7473,659.52,0,0,Low
P050,Tochi Fabric 2 Seater Sofa In Sky Blue Colour,Godrej Interio,77329,69600,10,Handloom Cotton,Sky Blue,2 Seater,175x78x82,88.1,3.9,509,Modern,Foam,Solid Rosewood,No,5,Yes,14,4.29,4744,36264.29,15.43,92.86,0.5842,Mid,3,Mid-Range,"@home, Damro, Durian, FabIndia",28.5216,790.01,1,0,High
P051,Frejol Velvet 2 Seater Sofa In Beige Colour,Sarita Handa,33290,25600,23,Handloom Cotton,Beige,2 Seater,185x84x86,87.2,3.6,274,Modern,Bonded Foam,Plastic,Yes,1,Yes,8,4.19,2285,28487.5,20.75,100.0,0.2649,Budget,17,Mid-Range,"@home, Damro, Durian, FabIndia",38.5312,293.58,0,0,Medium
P052,Jessy Fabric 2 Seater Sofa In Earthy Brown Colour,IKEA,75014,57800,23,Genuine Leather,Earthy Brown,2 Seater,180x80x85,69.2,4.4,121,Industrial,High Resilience Foam,Walnut Wood,No,2,No,18,4.26,6022,27005.56,15.72,88.89,0.7038,Top,1,Mid-Range,"@home, Damro, Durian, FabIndia",9.2111,835.26,1,0,Medium
P053,Bari Leatherette 2 Seater Sofa In Ash Grey Colour,Durian,12564,11900,5,Suede,Ash Grey,2 Seater,172x76x84,57.5,4.5,501,Luxury,High Density Foam,Solid Wood,Yes,7,Yes,6,4.27,1629,26766.67,13.67,83.33,0.1579,Budget,19,Mid-Range,"@home, Damro, FabIndia, Featherlite",189.4538,206.96,0,1,High
P054,Alejandro Velvet 2 Seater Sofa In Teal Colour,Woodcraft,26966,24800,8,Cotton Fabric,Teal,2 Seater,185x84x86,65.0,4.5,292,Vintage,Feather + Foam,Metal,Yes,2,Yes,8,4.28,2915,28162.5,12.75,87.5,0.3146,Budget,16,Mid-Range,"@home, Damro, Durian, FabIndia",52.9839,381.54,0,1,Medium
P055,Miranda Chenille 2 Seater Sofa In Beige Colour,Urban Ladder,17679,15200,14,Microfiber,Beige,2 Seater,190x85x90,73.5,4.9,532,Industrial,Coil Spring,Solid Rosewood,No,5,Yes,11,4.35,4073,28190.91,15.36,90.91,0.5185,Mid,4,Mid-Range,"@home, Damro, Durian, FabIndia",171.5,206.8,0,1,High
P056,Andres Chenille 2 Seater Sofa In Mustard Yellow Colour,Pepperfry,31048,23900,23,Velvet,Mustard Yellow,2 Seater,174x78x84,67.3,3.5,295,Minimalist,Memory Foam,Solid Rosewood,Yes,1,Yes,11,4.26,3273,30181.82,15.73,90.91,0.3936,Budget,9,Mid-Range,"@home, Damro, Durian, FabIndia",43.2008,355.13,0,0,Medium
P057,Luxor Leatherette 2 Seater Sofa In Earthy Brown Colour,Nilkamal,17700,14900,16,Handloom Cotton,Earthy Brown,2 Seater,170x75x80,57.5,4.0,127,Artisanal,Feather + Foam,Teak Wood,No,5,Yes,10,4.31,3058,35150.0,16.2,80.0,0.3429,Budget,11,Mid-Range,"@home, Damro, Durian, FabIndia",34.094,259.13,0,0,Medium
P058,Scandic Wooden 2 Seater Sofa In Off White Colour,IKEA,15153,13200,13,Handloom Cotton,Off White,2 Seater,182x80x88,52.8,5.0,433,Casual,Foam + Spring,Solid Oak,Yes,5,Yes,18,4.26,6022,27005.56,15.72,88.89,0.7038,Top,1,Mid-Range,"@home, Damro, Durian, FabIndia",164.0152,250.0,0,1,High
P059,Casper Velvet 2 Seater Sofa In Cognac Colour,Wakefit,83970,78900,6,Top Grain Leather,Cognac,2 Seater,172x76x82,46.2,4.3,314,Bohemian,Foam + Spring,Wood,No,10,Yes,9,4.3,2561,47777.78,13.33,88.89,0.3266,Budget,12,Premium,"Evok, Stanley",17.1128,1707.79,1,0,High
P060,Nordic Linen 2 Seater Sofa In Sky Blue Colour,@home,19048,15600,18,Chenille,Sky Blue,2 Seater,172x76x84,40.1,5.0,136,Contemporary,Bonded Foam,Solid Oak,Yes,2,Yes,9,4.19,2374,28044.44,13.67,88.89,0.2326,Budget,18,Mid-Range,"Damro, Durian, FabIndia, Featherlite",43.5897,389.03,0,1,Medium
P061,Elegance Suede 2 Seater Sofa In Dark Brown Colour,Godrej Interio,85948,75600,12,Handloom Cotton,Dark Brown,2 Seater,188x86x92,60.1,3.7,215,Vintage,Coil Spring,Brass Finished Wood,No,3,No,14,4.29,4744,36264.29,15.43,92.86,0.5842,Mid,3,Mid-Range,"@home, Damro, Durian, FabIndia",10.5225,1257.9,1,0,Medium
P062,Brio Polyester 2 Seater Sofa In Floral Pink Colour,Godrej Interio,44784,34500,23,Leatherette,Floral Pink,2 Seater,180x82x86,66.9,4.5,172,Casual,Foam + Spring,Mango Wood,No,1,Yes,14,4.29,4744,36264.29,15.43,92.86,0.5842,Mid,3,Mid-Range,"@home, Damro, Durian, FabIndia",22.4348,515.7,0,1,Medium
P063,Luxe PU Leather 2 Seater Sofa In Caramel Colour,Springwel,29369,24400,17,Polyester,Caramel,2 Seater,180x80x85,47.8,4.7,64,Artisanal,High Resilience Foam,Walnut Wood,No,2,Yes,12,4.18,3947,25216.67,14.75,91.67,0.4057,Budget,8,Mid-Range,"@home, Damro, Durian, FabIndia",12.3279,510.46,0,1,Low
P064,Heritage Teak 2 Seater Sofa In Caramel Colour,Sarita Handa,38289,31000,19,Silk Velvet,Caramel,2 Seater,165x72x78,40.5,4.9,35,Luxury,Foam + Fibre,Reclaimed Wood,Yes,7,Yes,8,4.19,2285,28487.5,20.75,100.0,0.2649,Budget,17,Mid-Range,"@home, Damro, Durian, FabIndia",5.5323,765.43,0,1,Low
P065,Studio Cotton 2 Seater Sofa In Black Colour,Godrej Interio,52486,43600,17,Leatherette,Black,2 Seater,185x80x88,87.5,4.4,519,Bohemian,Coil Spring,Mango Wood,No,1,Yes,14,4.29,4744,36264.29,15.43,92.86,0.5842,Mid,3,Mid-Range,"@home, Damro, Durian, FabIndia",52.3761,498.29,1,0,High
P066,Zen Recliner 2 Seater Sofa In Cream Colour,Damro,11646,9400,19,Leatherette,Cream,2 Seater,190x85x90,44.2,3.9,49,Mid-Century Modern,Coil Spring,Sheesham Wood,Yes,3,Yes,9,4.26,3190,37822.22,13.67,88.89,0.344,Budget,10,Mid-Range,"@home, Durian, FabIndia, Featherlite",20.3298,212.67,0,0,Low
P067,Classic Leather 2 Seater Sofa In Dark Green Colour,Urban Ladder,66801,60100,10,Cotton Fabric,Dark Green,2 Seater,168x78x80,44.6,4.4,411,Classic,Memory Foam,Walnut Wood,Yes,7,Yes,11,4.35,4073,28190.91,15.36,90.91,0.5185,Mid,4,Mid-Range,"@home, Damro, Durian, FabIndia",30.0899,1347.53,1,0,High
P068,Bloom Jacquard 2 Seater Sofa In Teal Colour,@home,17622,15200,14,Linen,Teal,2 Seater,174x78x84,72.3,3.7,472,Mid-Century Modern,Feather + Foam,Plastic,No,2,No,9,4.19,2374,28044.44,13.67,88.89,0.2326,Budget,18,Mid-Range,"Damro, Durian, FabIndia, Featherlite",114.8947,210.24,0,0,High
P069,Futon Convertible 2 Seater Sofa In Royal Blue Colour,Woodcraft,61990,54600,12,Faux Leather,Royal Blue,2 Seater,175x78x82,56.0,4.0,322,Vintage,Coil Spring,Reclaimed Wood,Yes,3,No,8,4.28,2915,28162.5,12.75,87.5,0.3146,Budget,16,Mid-Range,"@home, Damro, Durian, FabIndia",23.5897,975.0,1,0,High
P070,Royale Silk Velvet 2 Seater Sofa In Tan Colour,Wakefit,73757,64900,12,Silk Velvet,Tan,2 Seater,185x84x86,68.4,4.0,214,Casual,Foam,Solid Rosewood,Yes,10,Yes,9,4.3,2561,47777.78,13.33,88.89,0.3266,Budget,12,Premium,"Evok, Stanley",13.1895,948.83,1,0,Medium
P071,Maven Faux Leather 2 Seater Sofa In Dusty Rose Colour,Godrej Interio,39307,36600,7,Chenille,Dusty Rose,2 Seater,180x80x85,85.0,4.0,445,Luxury,Foam,Teak Wood,Yes,10,Yes,14,4.29,4744,36264.29,15.43,92.86,0.5842,Mid,3,Mid-Range,"@home, Damro, Durian, FabIndia",48.6339,430.59,0,0,High
P072,Comfort Plus Fabric 2 Seater Sofa In Carbon Grey Colour,Zuari,46100,42400,8,Jacquard Fabric,Carbon Grey,2 Seater,170x75x80,60.8,3.6,251,Artisanal,High Resilience Foam,Teak Wood,No,5,Yes,11,4.11,3833,28254.55,14.36,90.91,0.3257,Budget,13,Mid-Range,"@home, Damro, Durian, FabIndia",21.3113,697.37,1,0,Medium
P073,Aria Fabric 2 Seater Sofa In Burgundy Colour,Sarita Handa,17451,14700,16,Top Grain Leather,Burgundy,2 Seater,178x80x84,72.0,4.5,410,Classic,High Density Foam,Solid Oak,Yes,2,Yes,8,4.19,2285,28487.5,20.75,100.0,0.2649,Budget,17,Mid-Range,"@home, Damro, Durian, FabIndia",125.5102,204.17,0,1,High
P074,Imperio PU Leather 2 Seater Sofa In Charcoal Colour,Hometown,30612,28500,7,Genuine Leather,Charcoal,2 Seater,182x80x88,69.9,4.2,329,Bohemian,Foam,Solid Rosewood,No,10,Yes,11,4.16,3264,31809.09,12.18,90.91,0.32,Budget,15,Mid-Range,"@home, Damro, Durian, FabIndia",48.4842,407.73,0,0,High
P075,Meadow Handloom 2 Seater Sofa In Dark Brown Colour,Godrej Interio,26368,21400,19,Velvet,Dark Brown,2 Seater,168x74x82,55.4,4.9,573,Contemporary,Coil Spring,Reclaimed Wood,Yes,2,Yes,14,4.29,4744,36264.29,15.43,92.86,0.5842,Mid,3,Mid-Range,"@home, Damro, Durian, FabIndia",131.2009,386.28,0,1,High
P076,Posh Velvet 2 Seater Sofa In Burgundy Colour,Godrej Interio,16070,14300,11,Faux Leather,Burgundy,2 Seater,185x80x88,59.4,4.9,391,Luxury,High Density Foam,Reclaimed Wood,No,2,Yes,14,4.29,4744,36264.29,15.43,92.86,0.5842,Mid,3,Mid-Range,"@home, Damro, Durian, FabIndia",133.979,240.74,0,1,High
P077,Serene Microsuede 2 Seater Sofa In Dusty Rose Colour,Springwel,17450,16200,7,Top Grain Leather,Dusty Rose,2 Seater,178x80x84,71.5,4.5,41,Luxury,Memory Foam,Wood,No,2,Yes,12,4.18,3947,25216.67,14.75,91.67,0.4057,Budget,8,Mid-Range,"@home, Damro, Durian, FabIndia",11.3889,226.57,0,1,Low
P078,Tropicana Printed 2 Seater Sofa In Off White Colour,Stanley,33322,29300,12,Linen,Off White,2 Seater,168x73x78,53.1,3.7,22,Industrial,Bonded Foam,Sheesham Wood,Yes,10,Yes,8,4.34,2760,43687.5,13.25,100.0,0.4094,Budget,7,Premium,"Evok, Wakefit",2.7782,551.79,0,0,Low
P079,Monarch Leather 2 Seater Sofa In Carbon Grey Colour,Godrej Interio,15869,14000,12,Top Grain Leather,Carbon Grey,2 Seater,185x84x86,67.4,3.5,291,Casual,Foam + Fibre,Metal,Yes,1,Yes,14,4.29,4744,36264.29,15.43,92.86,0.5842,Mid,3,Mid-Range,"@home, Damro, Durian, FabIndia",72.75,207.72,0,0,Medium
P080,Plush Fabric 2 Seater Sofa In Burgundy Colour,IKEA,17405,13700,21,Printed Fabric,Burgundy,2 Seater,180x80x85,47.2,4.4,553,Modern,High Density Foam,Reclaimed Wood,No,7,Yes,18,4.26,6022,27005.56,15.72,88.89,0.7038,Top,1,Mid-Range,"@home, Damro, Durian, FabIndia",177.6058,290.25,0,0,High
P081,Vintage Reclaimed 2 Seater Sofa In Steel Grey Colour,Wakefit,59817,55600,7,Velvet,Steel Grey,2 Seater,185x84x86,52.7,3.7,149,Bohemian,Foam + Spring,Walnut Wood,Yes,5,Yes,9,4.3,2561,47777.78,13.33,88.89,0.3266,Budget,12,Premium,"Evok, Stanley",9.9155,1055.03,1,0,Medium
P082,Alesund Fabric 2 Seater Sofa In Steel Grey Colour,Featherlite,61500,56600,8,Top Grain Leather,Steel Grey,2 Seater,185x80x88,81.9,4.5,584,Vintage,Memory Foam,Walnut Wood,No,5,Yes,11,4.36,3342,33145.45,11.73,81.82,0.4262,Budget,6,Mid-Range,"@home, Damro, Durian, FabIndia",46.4311,691.09,1,1,High
P083,Regal Chesterfield 2 Seater Sofa In Ash Grey Colour,IKEA,15120,12400,18,Microsuede,Ash Grey,2 Seater,180x80x85,52.2,3.9,176,Mid-Century Modern,Foam + Spring,Mango Wood,No,3,Yes,18,4.26,6022,27005.56,15.72,88.89,0.7038,Top,1,Mid-Range,"@home, Damro, Durian, FabIndia",55.3548,237.55,0,0,Medium
P084,Compact Polyester 2 Seater Sofa In Caramel Colour,Pepperfry,29116,27400,6,Leatherette,Caramel,2 Seater,178x80x86,67.3,4.3,357,Rustic,High Density Foam,Metal,Yes,3,Yes,11,4.26,3273,30181.82,15.73,90.91,0.3936,Budget,9,Mid-Range,"@home, Damro, Durian, FabIndia",56.0255,407.13,0,0,High
P085,Comfy Microfiber 2 Seater Sofa In Black Colour,Springwel,19468,15400,21,Faux Leather,Black,2 Seater,185x80x88,46.7,4.5,249,Rustic,Foam,Teak Wood,No,3,Yes,12,4.18,3947,25216.67,14.75,91.67,0.4057,Budget,8,Mid-Range,"@home, Damro, Durian, FabIndia",72.7597,329.76,0,1,Medium
P086,Havana Leather 2 Seater Sofa In Charcoal Colour,Zuari,19977,17400,13,Jacquard Fabric,Charcoal,2 Seater,172x76x84,36.6,3.9,336,Modern,Coil Spring,Solid Rosewood,No,7,No,11,4.11,3833,28254.55,14.36,90.91,0.3257,Budget,13,Mid-Range,"@home, Damro, Durian, FabIndia",75.3103,475.41,0,0,High
P087,Porto Velvet 2 Seater Sofa In Charcoal Colour,Wakefit,32141,24100,25,Microfiber,Charcoal,2 Seater,185x84x86,88.4,3.6,563,Rustic,Foam + Fibre,Solid Rosewood,No,1,Yes,9,4.3,2561,47777.78,13.33,88.89,0.3266,Budget,12,Premium,"Evok, Stanley",84.0996,272.62,0,0,High
P088,Cairo Linen 2 Seater Sofa In Black Colour,Furlenco,10861,9900,9,Polyester,Black,2 Seater,190x85x90,43.7,4.4,103,Scandinavian,Memory Foam,Teak Wood,No,10,Yes,9,4.59,2889,35955.56,14.33,100.0,0.6179,Mid,2,Mid-Range,"@home, Damro, Durian, FabIndia",45.7778,226.54,0,0,Medium
P089,Oslo Fabric 2 Seater Sofa In Dusty Rose Colour,IKEA,15655,12800,18,Handloom Cotton,Dusty Rose,2 Seater,174x78x84,41.1,4.5,518,Traditional,Feather + Foam,Walnut Wood,Yes,7,Yes,18,4.26,6022,27005.56,15.72,88.89,0.7038,Top,1,Mid-Range,"@home, Damro, Durian, FabIndia",182.1094,311.44,0,1,High
P090,Kyoto Suede 2 Seater Sofa In Tan Colour,Urban Ladder,32573,29600,9,Genuine Leather,Tan,2 Seater,160x70x75,77.0,3.9,142,Minimalist,Bonded Foam,Wood,Yes,2,Yes,11,4.35,4073,28190.91,15.36,90.91,0.5185,Mid,4,Mid-Range,"@home, Damro, Durian, FabIndia",18.7095,384.42,0,0,Medium
P091,Lima Cotton 2 Seater Sofa In Burgundy Colour,IKEA,37362,31000,17,Microfiber,Burgundy,2 Seater,188x86x92,82.4,3.6,39,Scandinavian,Foam + Spring,Brass Finished Wood,Yes,7,Yes,18,4.26,6022,27005.56,15.72,88.89,0.7038,Top,1,Mid-Range,"@home, Damro, Durian, FabIndia",4.529,376.21,0,0,Low
P092,Vienna Chenille 2 Seater Sofa In Beige Colour,Recliners India,16636,15800,5,Faux Leather,Beige,2 Seater,185x82x88,88.1,3.8,491,Traditional,Foam + Spring,Stainless Steel,No,2,Yes,12,4.34,4228,34000.0,11.75,83.33,0.5015,Mid,5,Mid-Range,"@home, Damro, Durian, FabIndia",118.0886,179.34,0,0,High
P093,Berlin Fabric 2 Seater Sofa In Rustic Brown Colour,Springwel,16484,14200,14,Leatherette,Rustic Brown,2 Seater,178x80x86,76.0,3.8,192,Minimalist,High Density Foam,Sheesham Wood,No,7,Yes,12,4.18,3947,25216.67,14.75,91.67,0.4057,Budget,8,Mid-Range,"@home, Damro, Durian, FabIndia",51.3803,186.84,0,0,Medium
P094,Roma Leatherette 2 Seater Sofa In Steel Grey Colour,Hometown,21685,19700,9,Printed Fabric,Steel Grey,2 Seater,176x80x84,49.1,3.8,176,Artisanal,Pocket Spring,Solid Oak,No,1,Yes,11,4.16,3264,31809.09,12.18,90.91,0.32,Budget,15,Mid-Range,"@home, Damro, Durian, FabIndia",33.9492,401.22,0,0,Medium
P095,Seoul Velvet 2 Seater Sofa In Steel Grey Colour,Pepperfry,45360,41300,9,Microfiber,Steel Grey,2 Seater,192x88x105,59.2,4.2,330,Industrial,Feather + Foam,Reclaimed Wood,No,10,Yes,11,4.26,3273,30181.82,15.73,90.91,0.3936,Budget,9,Mid-Range,"@home, Damro, Durian, FabIndia",33.5593,697.64,1,0,High
P096,Dubai Leather 2 Seater Sofa In Royal Blue Colour,Urban Ladder,16041,13800,14,Jacquard Fabric,Royal Blue,2 Seater,180x80x85,39.2,4.8,112,Artisanal,High Density Foam,Teak Wood,No,1,Yes,11,4.35,4073,28190.91,15.36,90.91,0.5185,Mid,4,Mid-Range,"@home, Damro, Durian, FabIndia",38.9565,352.04,0,1,Medium
P097,Paris Jacquard 2 Seater Sofa In Floral Pink Colour,Sarita Handa,25268,19200,24,Microsuede,Floral Pink,2 Seater,190x85x90,61.2,3.7,83,Traditional,High Resilience Foam,Solid Oak,Yes,5,Yes,8,4.19,2285,28487.5,20.75,100.0,0.2649,Budget,17,Mid-Range,"@home, Damro, Durian, FabIndia",15.9948,313.73,0,0,Low
P098,Tokyo Microfiber 2 Seater Sofa In Dark Green Colour,Recliners India,25963,21800,16,Leatherette,Dark Green,2 Seater,172x76x84,85.5,4.1,366,Artisanal,Foam + Fibre,Wood,No,5,Yes,12,4.34,4228,34000.0,11.75,83.33,0.5015,Mid,5,Mid-Range,"@home, Damro, Durian, FabIndia",68.8349,254.97,0,0,High
P099,Sydney Fabric 2 Seater Sofa In Cream Colour,Recliners India,54750,49800,9,Leatherette,Cream,2 Seater,185x84x86,53.3,4.4,164,Classic,High Density Foam,Brass Finished Wood,No,2,No,12,4.34,4228,34000.0,11.75,83.33,0.5015,Mid,5,Mid-Range,"@home, Damro, Durian, FabIndia",14.49,934.33,1,0,Medium
P100,Tochi Fabric 2 Seater Sofa In Tan Colour,Sarita Handa,30980,24500,21,Linen,Tan,2 Seater,182x80x88,40.1,4.5,540,Traditional,High Density Foam,Teak Wood,No,3,Yes,8,4.19,2285,28487.5,20.75,100.0,0.2649,Budget,17,Mid-Range,"@home, Damro, Durian, FabIndia",99.1837,610.97,0,1,High
P101,Frejol Velvet 2 Seater Sofa In Charcoal Colour,Woodcraft,22539,21000,7,Microfiber,Charcoal,2 Seater,180x82x84,51.3,4.7,539,Mid-Century Modern,Memory Foam,Solid Oak,Yes,2,Yes,8,4.28,2915,28162.5,12.75,87.5,0.3146,Budget,16,Mid-Range,"@home, Damro, Durian, FabIndia",120.6333,409.36,0,1,High
P102,Jessy Fabric 2 Seater Sofa In Cognac Colour,Evok,65110,58600,10,Velvet,Cognac,2 Seater,185x80x88,44.9,4.5,189,Luxury,Memory Foam,Solid Oak,Yes,10,Yes,7,4.39,1297,40571.43,17.29,100.0,0.3208,Budget,14,Premium,"Stanley, Wakefit",14.5137,1305.12,1,1,Medium
P103,Bari Leatherette 2 Seater Sofa In Cream Colour,IKEA,28750,25300,12,Jacquard Fabric,Cream,2 Seater,185x80x88,52.0,4.7,500,Luxury,Pocket Spring,Reclaimed Wood,No,5,No,18,4.26,6022,27005.56,15.72,88.89,0.7038,Top,1,Mid-Range,"@home, Damro, Durian, FabIndia",92.8854,486.54,0,1,High
P104,Alejandro Velvet 2 Seater Sofa In Ash Grey Colour,Springwel,33128,25200,24,Microsuede,Ash Grey,2 Seater,178x80x84,42.6,3.9,512,Bohemian,Coil Spring,Solid Oak,No,1,Yes,12,4.18,3947,25216.67,14.75,91.67,0.4057,Budget,8,Mid-Range,"@home, Damro, Durian, FabIndia",79.2381,591.55,0,0,High
P105,Miranda Chenille 2 Seater Sofa In Olive Green Colour,Hometown,88644,80700,9,Printed Fabric,Olive Green,2 Seater,168x73x78,80.7,3.6,247,Rustic,High Density Foam,Teak Wood,Yes,2,Yes,11,4.16,3264,31809.09,12.18,90.91,0.32,Budget,15,Mid-Range,"@home, Damro, Durian, FabIndia",11.0186,1000.0,1,0,Medium
P106,Andres Chenille 2 Seater Sofa In Graphite Colour,Springwel,60349,50700,16,Fabric,Graphite,2 Seater,180x82x86,47.3,4.0,121,Minimalist,Foam,Walnut Wood,No,2,Yes,12,4.18,3947,25216.67,14.75,91.67,0.4057,Budget,8,Mid-Range,"@home, Damro, Durian, FabIndia",9.5464,1071.88,1,0,Medium
P107,Luxor Leatherette 2 Seater Sofa In Steel Grey Colour,Recliners India,55345,51500,7,Linen,Steel Grey,2 Seater,180x82x84,36.0,3.8,173,Scandinavian,Foam,Teak Wood,Yes,5,Yes,12,4.34,4228,34000.0,11.75,83.33,0.5015,Mid,5,Mid-Range,"@home, Damro, Durian, FabIndia",12.765,1430.56,1,0,Medium
P108,Scandic Wooden 2 Seater Sofa In Burgundy Colour,Damro,10782,9500,12,Printed Fabric,Burgundy,2 Seater,175x78x82,58.1,4.7,488,Minimalist,High Density Foam,Solid Oak,Yes,2,Yes,9,4.26,3190,37822.22,13.67,88.89,0.344,Budget,10,Mid-Range,"@home, Durian, FabIndia, Featherlite",241.4316,163.51,0,1,High
P109,Casper Velvet 2 Seater Sofa In Cognac Colour,@home,55103,41900,24,Top Grain Leather,Cognac,2 Seater,172x76x84,54.4,4.4,211,Contemporary,High Resilience Foam,Solid Rosewood,Yes,2,Yes,9,4.19,2374,28044.44,13.67,88.89,0.2326,Budget,18,Mid-Range,"Damro, Durian, FabIndia, Featherlite",22.1575,770.22,1,0,Medium
P110,Nordic Linen 2 Seater Sofa In Beige Colour,Evok,57854,43400,25,Jacquard Fabric,Beige,2 Seater,180x82x86,56.3,4.1,36,Modern,High Resilience Foam,Brass Finished Wood,Yes,3,Yes,7,4.39,1297,40571.43,17.29,100.0,0.3208,Budget,14,Premium,"Stanley, Wakefit",3.4009,770.87,1,0,Low
P111,Elegance Suede 2 Seater Sofa In Beige Colour,Springwel,15772,12300,22,Genuine Leather,Beige,2 Seater,183x84x88,53.6,4.5,495,Vintage,High Density Foam,Solid Oak,No,1,No,12,4.18,3947,25216.67,14.75,91.67,0.4057,Budget,8,Mid-Range,"@home, Damro, Durian, FabIndia",181.0976,229.48,0,1,High
P112,Brio Polyester 2 Seater Sofa In Caramel Colour,Nilkamal,34513,32400,6,Linen,Caramel,2 Seater,175x78x82,52.4,4.0,427,Modern,Feather + Foam,Wood,Yes,1,No,10,4.31,3058,35150.0,16.2,80.0,0.3429,Budget,11,Mid-Range,"@home, Damro, Durian, FabIndia",52.716,618.32,0,0,High
P113,Luxe PU Leather 2 Seater Sofa In Olive Green Colour,@home,39079,32800,16,Suede,Olive Green,2 Seater,176x80x84,59.0,4.1,470,Contemporary,Pocket Spring,Teak Wood,Yes,3,Yes,9,4.19,2374,28044.44,13.67,88.89,0.2326,Budget,18,Mid-Range,"Damro, Durian, FabIndia, Featherlite",58.75,555.93,0,0,High
P114,Heritage Teak 2 Seater Sofa In Red Colour,Recliners India,60173,49300,18,Microfiber,Red,2 Seater,180x82x86,68.1,4.7,578,Bohemian,Feather + Foam,Mango Wood,No,1,Yes,12,4.34,4228,34000.0,11.75,83.33,0.5015,Mid,5,Mid-Range,"@home, Damro, Durian, FabIndia",55.1034,723.94,1,1,High
P115,Studio Cotton 2 Seater Sofa In Dark Brown Colour,Pepperfry,78039,63200,19,Polyester,Dark Brown,2 Seater,180x80x85,37.3,4.8,381,Luxury,Coil Spring,Teak Wood,No,1,Yes,11,4.26,3273,30181.82,15.73,90.91,0.3936,Budget,9,Mid-Range,"@home, Damro, Durian, FabIndia",28.9367,1694.37,1,1,High
P116,Zen Recliner 2 Seater Sofa In Black Colour,FabIndia,33905,25800,24,Velvet,Black,2 Seater,180x82x86,72.3,4.2,149,Modern,Foam + Spring,Mango Wood,Yes,1,Yes,6,4.27,1578,34100.0,19.67,83.33,0.1541,Budget,20,Mid-Range,"@home, Damro, Durian, Featherlite",24.2558,356.85,0,0,Medium
P117,Classic Leather 2 Seater Sofa In Earthy Brown Colour,Springwel,47191,38200,19,Jacquard Fabric,Earthy Brown,2 Seater,185x80x88,77.0,4.4,562,Minimalist,Bonded Foam,Wood,Yes,5,Yes,12,4.18,3947,25216.67,14.75,91.67,0.4057,Budget,8,Mid-Range,"@home, Damro, Durian, FabIndia",64.733,496.1,0,0,High
P118,Bloom Jacquard 2 Seater Sofa In Off White Colour,FabIndia,62718,54600,13,Genuine Leather,Off White,2 Seater,170x75x80,77.6,4.6,239,Modern,Foam,Stainless Steel,No,7,No,6,4.27,1578,34100.0,19.67,83.33,0.1541,Budget,20,Mid-Range,"@home, Damro, Durian, Featherlite",20.1355,703.61,1,1,Medium
P119,Futon Convertible 2 Seater Sofa In Tan Colour,@home,15236,12800,16,PU Leather,Tan,2 Seater,180x80x85,74.0,4.3,317,Modern,Foam + Fibre,Metal,Yes,5,Yes,9,4.19,2374,28044.44,13.67,88.89,0.2326,Budget,18,Mid-Range,"Damro, Durian, FabIndia, Featherlite",106.4922,172.97,0,0,High
P120,Royale Silk Velvet 2 Seater Sofa In Light Brown Colour,Nilkamal,23879,19100,20,Microfiber,Light Brown,2 Seater,172x76x84,36.4,4.3,397,Industrial,Memory Foam,Brass Finished Wood,Yes,2,Yes,10,4.31,3058,35150.0,16.2,80.0,0.3429,Budget,11,Mid-Range,"@home, Damro, Durian, FabIndia",89.377,524.73,0,0,High
P121,Maven Faux Leather 2 Seater Sofa In Olive Green Colour,Godrej Interio,81833,63000,23,Leatherette,Olive Green,2 Seater,188x86x92,39.1,5.0,95,Modern,Coil Spring,Walnut Wood,No,7,Yes,14,4.29,4744,36264.29,15.43,92.86,0.5842,Mid,3,Mid-Range,"@home, Damro, Durian, FabIndia",7.5397,1611.25,1,1,Low
P122,Comfort Plus Fabric 2 Seater Sofa In Dusty Rose Colour,Evok,87956,82700,6,Jacquard Fabric,Dusty Rose,2 Seater,183x84x88,80.7,4.3,331,Scandinavian,High Resilience Foam,Plastic,Yes,1,Yes,7,4.39,1297,40571.43,17.29,100.0,0.3208,Budget,14,Premium,"Stanley, Wakefit",17.2104,1024.78,1,0,High
P123,Aria Fabric 2 Seater Sofa In Off White Colour,Stanley,39102,29300,25,Jacquard Fabric,Off White,2 Seater,174x78x84,51.7,4.3,534,Artisanal,Coil Spring,Metal,Yes,7,Yes,8,4.34,2760,43687.5,13.25,100.0,0.4094,Budget,7,Premium,"Evok, Wakefit",78.3686,566.73,0,0,High
P124,Imperio PU Leather 2 Seater Sofa In Royal Blue Colour,Featherlite,10464,9700,7,Linen,Royal Blue,2 Seater,185x80x88,37.5,4.5,291,Scandinavian,Bonded Foam,Stainless Steel,No,10,Yes,11,4.36,3342,33145.45,11.73,81.82,0.4262,Budget,6,Mid-Range,"@home, Damro, Durian, FabIndia",135.0,258.67,0,1,Medium
P125,Meadow Handloom 2 Seater Sofa In Earthy Brown Colour,Featherlite,71049,59000,17,Faux Leather,Earthy Brown,2 Seater,185x82x88,51.4,3.6,81,Traditional,Foam,Reclaimed Wood,No,2,Yes,11,4.36,3342,33145.45,11.73,81.82,0.4262,Budget,6,Mid-Range,"@home, Damro, Durian, FabIndia",4.9424,1147.86,1,0,Low
P126,Posh Velvet 2 Seater Sofa In Black Colour,@home,48066,43700,9,Microsuede,Black,2 Seater,168x78x80,76.8,4.3,128,Mid-Century Modern,Memory Foam,Solid Rosewood,No,3,Yes,9,4.19,2374,28044.44,13.67,88.89,0.2326,Budget,18,Mid-Range,"Damro, Durian, FabIndia, Featherlite",12.595,569.01,1,0,Medium
P127,Serene Microsuede 2 Seater Sofa In Mustard Yellow Colour,Hometown,82403,72500,12,Suede,Mustard Yellow,2 Seater,168x74x82,87.9,4.9,355,Bohemian,Pocket Spring,Solid Wood,Yes,2,No,11,4.16,3264,31809.09,12.18,90.91,0.32,Budget,15,Mid-Range,"@home, Damro, Durian, FabIndia",23.9931,824.8,1,1,High
P128,Tropicana Printed 2 Seater Sofa In Burgundy Colour,Recliners India,51298,48700,5,PU Leather,Burgundy,2 Seater,180x82x86,40.0,4.1,488,Industrial,Foam + Fibre,Reclaimed Wood,No,5,No,12,4.34,4228,34000.0,11.75,83.33,0.5015,Mid,5,Mid-Range,"@home, Damro, Durian, FabIndia",41.0842,1217.5,1,0,High
P129,Monarch Leather 2 Seater Sofa In Ash Grey Colour,Featherlite,11761,9600,18,Jacquard Fabric,Ash Grey,2 Seater,180x82x84,42.4,3.9,394,Contemporary,Foam,Teak Wood,No,2,Yes,11,4.36,3342,33145.45,11.73,81.82,0.4262,Budget,6,Mid-Range,"@home, Damro, Durian, FabIndia",160.0625,226.42,0,0,High
P130,Plush Fabric 2 Seater Sofa In Charcoal Colour,Urban Ladder,37410,31100,17,Silk Velvet,Charcoal,2 Seater,172x76x82,62.7,4.6,306,Contemporary,Bonded Foam,Brass Finished Wood,No,7,Yes,11,4.35,4073,28190.91,15.36,90.91,0.5185,Mid,4,Mid-Range,"@home, Damro, Durian, FabIndia",45.2605,496.01,0,1,High
P131,Vintage Reclaimed 2 Seater Sofa In White Colour,Damro,39728,35400,11,Chenille,White,2 Seater,176x80x84,68.1,4.1,61,Scandinavian,High Density Foam,Walnut Wood,No,7,Yes,9,4.26,3190,37822.22,13.67,88.89,0.344,Budget,10,Mid-Range,"@home, Durian, FabIndia, Featherlite",7.065,519.82,0,0,Low
P132,Alesund Fabric 2 Seater Sofa In Carbon Grey Colour,Recliners India,40325,33500,17,Handloom Cotton,Carbon Grey,2 Seater,185x80x88,89.5,4.6,326,Artisanal,Feather + Foam,Solid Wood,Yes,3,Yes,12,4.34,4228,34000.0,11.75,83.33,0.5015,Mid,5,Mid-Range,"@home, Damro, Durian, FabIndia",44.7642,374.3,0,1,High
P133,Regal Chesterfield 2 Seater Sofa In Floral Pink Colour,Evok,38592,31600,18,Top Grain Leather,Floral Pink,2 Seater,180x82x84,67.1,4.7,47,Bohemian,Bonded Foam,Teak Wood,Yes,3,Yes,7,4.39,1297,40571.43,17.29,100.0,0.3208,Budget,14,Premium,"Stanley, Wakefit",6.9905,470.94,0,1,Low
P134,Compact Polyester 2 Seater Sofa In Dark Blue Colour,Featherlite,64685,56900,12,Genuine Leather,Dark Blue,2 Seater,180x82x84,36.7,4.9,132,Vintage,Foam,Solid Rosewood,Yes,7,Yes,11,4.36,3342,33145.45,11.73,81.82,0.4262,Budget,6,Mid-Range,"@home, Damro, Durian, FabIndia",11.3673,1550.41,1,1,Medium
P135,Comfy Microfiber 2 Seater Sofa In Mustard Yellow Colour,Recliners India,59082,53800,9,Faux Leather,Mustard Yellow,2 Seater,172x76x82,63.5,4.3,509,Scandinavian,Foam + Spring,Stainless Steel,No,7,Yes,12,4.34,4228,34000.0,11.75,83.33,0.5015,Mid,5,Mid-Range,"@home, Damro, Durian, FabIndia",40.6822,847.24,1,0,High
P136,Havana Leather 2 Seater Sofa In Off White Colour,Nilkamal,67601,59500,12,Microsuede,Off White,2 Seater,176x80x84,50.3,3.9,324,Artisanal,Memory Foam,Brass Finished Wood,No,10,Yes,10,4.31,3058,35150.0,16.2,80.0,0.3429,Budget,11,Mid-Range,"@home, Damro, Durian, FabIndia",21.237,1182.9,1,0,High
P137,Porto Velvet 2 Seater Sofa In Sky Blue Colour,Durian,19395,15100,22,Handloom Cotton,Sky Blue,2 Seater,182x80x88,55.9,5.0,373,Classic,Feather + Foam,Mango Wood,No,2,No,6,4.27,1629,26766.67,13.67,83.33,0.1579,Budget,19,Mid-Range,"@home, Damro, FabIndia, Featherlite",123.5099,270.13,0,1,High
P138,Cairo Linen 2 Seater Sofa In Dark Green Colour,Godrej Interio,50699,45100,11,Cotton Fabric,Dark Green,2 Seater,168x73x78,46.1,4.3,595,Contemporary,Coil Spring,Stainless Steel,No,5,Yes,14,4.29,4744,36264.29,15.43,92.86,0.5842,Mid,3,Mid-Range,"@home, Damro, Durian, FabIndia",56.7295,978.31,1,0,High
P139,Oslo Fabric 2 Seater Sofa In Carbon Grey Colour,Hometown,11641,9500,18,Genuine Leather,Carbon Grey,2 Seater,180x82x86,53.2,4.2,160,Mid-Century Modern,Foam,Plastic,Yes,2,Yes,11,4.16,3264,31809.09,12.18,90.91,0.32,Budget,15,Mid-Range,"@home, Damro, Durian, FabIndia",70.7368,178.57,0,0,Medium
P140,Kyoto Suede 2 Seater Sofa In Olive Green Colour,Nilkamal,44353,33300,25,Faux Leather,Olive Green,2 Seater,185x82x88,38.3,4.7,257,Luxury,Feather + Foam,Reclaimed Wood,Yes,2,Yes,10,4.31,3058,35150.0,16.2,80.0,0.3429,Budget,11,Mid-Range,"@home, Damro, Durian, FabIndia",36.2733,869.45,0,1,Medium
P141,Lima Cotton 2 Seater Sofa In Burgundy Colour,Urban Ladder,36228,34400,5,Microfiber,Burgundy,2 Seater,178x80x84,51.4,4.4,363,Minimalist,Foam + Fibre,Wood,No,1,Yes,11,4.35,4073,28190.91,15.36,90.91,0.5185,Mid,4,Mid-Range,"@home, Damro, Durian, FabIndia",46.4302,669.26,0,0,High
P142,Vienna Chenille 2 Seater Sofa In Steel Grey Colour,Zuari,15417,13900,10,Printed Fabric,Steel Grey,2 Seater,180x80x85,75.2,4.5,210,Bohemian,Foam + Fibre,Brass Finished Wood,No,2,Yes,11,4.11,3833,28254.55,14.36,90.91,0.3257,Budget,13,Mid-Range,"@home, Damro, Durian, FabIndia",67.9856,184.84,0,1,Medium
P143,Berlin Fabric 2 Seater Sofa In Off White Colour,Woodcraft,37843,31400,17,PU Leather,Off White,2 Seater,178x80x84,71.8,3.8,163,Scandinavian,Bonded Foam,Plastic,No,7,Yes,8,4.28,2915,28162.5,12.75,87.5,0.3146,Budget,16,Mid-Range,"@home, Damro, Durian, FabIndia",19.7261,437.33,0,0,Medium
P144,Roma Leatherette 2 Seater Sofa In Rustic Brown Colour,Stanley,54087,41600,23,Fabric,Rustic Brown,2 Seater,180x80x85,35.6,4.5,261,Casual,Foam + Spring,Sheesham Wood,No,3,Yes,8,4.34,2760,43687.5,13.25,100.0,0.4094,Budget,7,Premium,"Evok, Wakefit",28.2332,1168.54,1,1,Medium
P145,Seoul Velvet 2 Seater Sofa In Dark Brown Colour,Furlenco,47044,35800,24,Cotton Fabric,Dark Brown,2 Seater,180x82x86,47.1,4.9,509,Scandinavian,Foam + Spring,Plastic,No,1,Yes,9,4.59,2889,35955.56,14.33,100.0,0.6179,Mid,2,Mid-Range,"@home, Damro, Durian, FabIndia",69.6676,760.08,0,1,High
P146,Dubai Leather 2 Seater Sofa In Burgundy Colour,Damro,18609,15100,19,Jacquard Fabric,Burgundy,2 Seater,192x88x105,64.0,4.0,597,Minimalist,High Resilience Foam,Reclaimed Wood,Yes,2,Yes,9,4.26,3190,37822.22,13.67,88.89,0.344,Budget,10,Mid-Range,"@home, Durian, FabIndia, Featherlite",158.1457,235.94,0,0,High
P147,Paris Jacquard 2 Seater Sofa In Cognac Colour,Zuari,62618,55700,11,Printed Fabric,Cognac,2 Seater,168x78x80,74.4,4.2,542,Mid-Century Modern,Bonded Foam,Brass Finished Wood,Yes,3,Yes,11,4.11,3833,28254.55,14.36,90.91,0.3257,Budget,13,Mid-Range,"@home, Damro, Durian, FabIndia",40.8689,748.66,1,0,High
P148,Tokyo Microfiber 2 Seater Sofa In Cream Colour,Furlenco,75197,71400,5,Linen,Cream,2 Seater,183x84x88,56.8,4.7,243,Artisanal,Foam + Spring,Reclaimed Wood,Yes,7,Yes,9,4.59,2889,35955.56,14.33,100.0,0.6179,Mid,2,Mid-Range,"@home, Damro, Durian, FabIndia",15.9958,1257.04,1,1,Medium
P149,Sydney Fabric 2 Seater Sofa In Cream Colour,IKEA,14703,12100,18,Jacquard Fabric,Cream,2 Seater,165x72x78,44.9,3.7,450,Vintage,High Density Foam,Brass Finished Wood,Yes,5,Yes,18,4.26,6022,27005.56,15.72,88.89,0.7038,Top,1,Mid-Range,"@home, Damro, Durian, FabIndia",137.6033,269.49,0,0,High
P150,Tochi Fabric 2 Seater Sofa In Graphite Colour,Sarita Handa,12924,10100,22,Microsuede,Graphite,2 Seater,168x73x78,56.6,3.7,248,Rustic,Foam + Spring,Walnut Wood,Yes,3,Yes,8,4.19,2285,28487.5,20.75,100.0,0.2649,Budget,17,Mid-Range,"@home, Damro, Durian, FabIndia",90.8515,178.45,0,0,Medium
P151,Frejol Velvet 2 Seater Sofa In Earthy Brown Colour,Wakefit,27547,23100,16,Cotton Fabric,Earthy Brown,2 Seater,182x80x88,43.5,3.8,135,Bohemian,High Resilience Foam,Walnut Wood,No,2,Yes,9,4.3,2561,47777.78,13.33,88.89,0.3266,Budget,12,Premium,"Evok, Stanley",22.2078,531.03,0,0,Medium
P152,Jessy Fabric 2 Seater Sofa In Dusty Rose Colour,IKEA,14009,13200,6,Fabric,Dusty Rose,2 Seater,168x74x82,57.1,3.9,242,Mid-Century Modern,Pocket Spring,Metal,Yes,5,Yes,18,4.26,6022,27005.56,15.72,88.89,0.7038,Top,1,Mid-Range,"@home, Damro, Durian, FabIndia",71.5,231.17,0,0,Medium
P153,Bari Leatherette 2 Seater Sofa In Earthy Brown Colour,Urban Ladder,42763,36800,14,Linen,Earthy Brown,2 Seater,190x85x90,83.2,5.0,553,Artisanal,Coil Spring,Sheesham Wood,No,10,Yes,11,4.35,4073,28190.91,15.36,90.91,0.5185,Mid,4,Mid-Range,"@home, Damro, Durian, FabIndia",75.1359,442.31,0,1,High
P154,Alejandro Velvet 2 Seater Sofa In Tan Colour,FabIndia,58073,48800,16,Velvet,Tan,2 Seater,170x75x80,86.8,4.5,557,Artisanal,Bonded Foam,Stainless Steel,No,7,Yes,6,4.27,1578,34100.0,19.67,83.33,0.1541,Budget,20,Mid-Range,"@home, Damro, Durian, Featherlite",51.3627,562.21,1,1,High
P155,Miranda Chenille 2 Seater Sofa In Black Colour,IKEA,24928,22700,9,Linen,Black,2 Seater,192x88x105,79.3,4.9,595,Casual,Foam + Spring,Solid Wood,No,2,Yes,18,4.26,6022,27005.56,15.72,88.89,0.7038,Top,1,Mid-Range,"@home, Damro, Durian, FabIndia",128.4361,286.25,0,1,High
P156,Andres Chenille 2 Seater Sofa In Black Colour,Zuari,17369,14600,16,Printed Fabric,Black,2 Seater,174x78x84,40.1,4.6,215,Scandinavian,Foam + Spring,Sheesham Wood,Yes,3,Yes,11,4.11,3833,28254.55,14.36,90.91,0.3257,Budget,13,Mid-Range,"@home, Damro, Durian, FabIndia",67.7397,364.09,0,1,Medium
P157,Luxor Leatherette 2 Seater Sofa In Red Colour,Damro,34246,29100,15,Velvet,Red,2 Seater,192x88x105,51.7,4.9,236,Rustic,High Density Foam,Sheesham Wood,Yes,5,No,9,4.26,3190,37822.22,13.67,88.89,0.344,Budget,10,Mid-Range,"@home, Durian, FabIndia, Featherlite",39.7388,562.86,0,1,Medium
P158,Scandic Wooden 2 Seater Sofa In Burgundy Colour,Hometown,44276,36700,17,Handloom Cotton,Burgundy,2 Seater,172x76x82,60.6,4.5,335,Mid-Century Modern,Bonded Foam,Stainless Steel,No,2,Yes,11,4.16,3264,31809.09,12.18,90.91,0.32,Budget,15,Mid-Range,"@home, Damro, Durian, FabIndia",41.0763,605.61,0,1,High
P159,Casper Velvet 2 Seater Sofa In Floral Pink Colour,@home,48564,45700,6,Microsuede,Floral Pink,2 Seater,176x79x84,65.9,3.8,169,Modern,Feather + Foam,Solid Oak,Yes,3,Yes,9,4.19,2374,28044.44,13.67,88.89,0.2326,Budget,18,Mid-Range,"Damro, Durian, FabIndia, Featherlite",14.0525,693.47,1,0,Medium
P160,Nordic Linen 2 Seater Sofa In Olive Green Colour,Featherlite,28181,22000,22,Faux Leather,Olive Green,2 Seater,176x79x84,71.0,4.5,283,Casual,Foam + Fibre,Sheesham Wood,Yes,3,Yes,11,4.36,3342,33145.45,11.73,81.82,0.4262,Budget,6,Mid-Range,"@home, Damro, Durian, FabIndia",57.8864,309.86,0,1,Medium
P161,Elegance Suede 2 Seater Sofa In Caramel Colour,@home,18584,17500,6,Microsuede,Caramel,2 Seater,168x78x80,81.1,3.6,69,Scandinavian,Memory Foam,Solid Wood,No,1,Yes,9,4.19,2374,28044.44,13.67,88.89,0.2326,Budget,18,Mid-Range,"Damro, Durian, FabIndia, Featherlite",14.1943,215.78,0,0,Low
P162,Brio Polyester 2 Seater Sofa In Black Colour,Godrej Interio,17916,14300,20,Genuine Leather,Black,2 Seater,172x76x82,35.9,4.3,441,Modern,Foam + Fibre,Wood,No,3,Yes,14,4.29,4744,36264.29,15.43,92.86,0.5842,Mid,3,Mid-Range,"@home, Damro, Durian, FabIndia",132.6084,398.33,0,0,High
P163,Luxe PU Leather 2 Seater Sofa In Floral Pink Colour,FabIndia,11578,9100,21,Top Grain Leather,Floral Pink,2 Seater,188x86x92,43.2,3.8,559,Casual,Foam,Brass Finished Wood,No,1,Yes,6,4.27,1578,34100.0,19.67,83.33,0.1541,Budget,20,Mid-Range,"@home, Damro, Durian, Featherlite",233.4286,210.65,0,0,High
P164,Heritage Teak 2 Seater Sofa In Charcoal Colour,FabIndia,37642,28200,25,Silk Velvet,Charcoal,2 Seater,180x80x85,89.5,4.5,52,Modern,Memory Foam,Walnut Wood,Yes,2,Yes,6,4.27,1578,34100.0,19.67,83.33,0.1541,Budget,20,Mid-Range,"@home, Damro, Durian, Featherlite",8.2979,315.08,0,1,Low
P165,Studio Cotton 2 Seater Sofa In Red Colour,Sarita Handa,83437,62600,25,Top Grain Leather,Red,2 Seater,160x70x75,78.1,4.3,117,Bohemian,Foam,Plastic,Yes,1,Yes,8,4.19,2285,28487.5,20.75,100.0,0.2649,Budget,17,Mid-Range,"@home, Damro, Durian, FabIndia",8.0367,801.54,1,0,Medium
P166,Zen Recliner 2 Seater Sofa In Rustic Brown Colour,Urban Ladder,52795,40700,23,Genuine Leather,Rustic Brown,2 Seater,174x78x84,71.2,3.8,342,Mid-Century Modern,Bonded Foam,Reclaimed Wood,Yes,1,Yes,11,4.35,4073,28190.91,15.36,90.91,0.5185,Mid,4,Mid-Range,"@home, Damro, Durian, FabIndia",31.9312,571.63,1,0,High
P167,Classic Leather 2 Seater Sofa In Ash Grey Colour,Featherlite,29285,24300,17,Linen,Ash Grey,2 Seater,175x78x82,72.2,4.3,413,Industrial,Foam + Spring,Metal,Yes,10,Yes,11,4.36,3342,33145.45,11.73,81.82,0.4262,Budget,6,Mid-Range,"@home, Damro, Durian, FabIndia",73.0823,336.57,0,0,High
P168,Bloom Jacquard 2 Seater Sofa In Carbon Grey Colour,Pepperfry,15580,11800,24,Printed Fabric,Carbon Grey,2 Seater,168x74x82,77.3,4.9,426,Vintage,Memory Foam,Wood,No,2,No,11,4.26,3273,30181.82,15.73,90.91,0.3936,Budget,9,Mid-Range,"@home, Damro, Durian, FabIndia",176.8983,152.65,0,1,High
P169,Futon Convertible 2 Seater Sofa In Off White Colour,Wakefit,83302,75000,10,Suede,Off White,2 Seater,172x76x84,72.4,4.5,107,Industrial,Feather + Foam,Reclaimed Wood,No,7,Yes,9,4.3,2561,47777.78,13.33,88.89,0.3266,Budget,12,Premium,"Evok, Stanley",6.42,1035.91,1,1,Medium
P170,Royale Silk Velvet 2 Seater Sofa In Tan Colour,Stanley,46820,43100,8,Leatherette,Tan,2 Seater,178x80x84,40.0,4.9,475,Modern,Coil Spring,Solid Wood,Yes,3,Yes,8,4.34,2760,43687.5,13.25,100.0,0.4094,Budget,7,Premium,"Evok, Wakefit",54.0023,1077.5,1,1,High
P171,Maven Faux Leather 2 Seater Sofa In Dark Blue Colour,Hometown,11468,9600,16,Linen,Dark Blue,2 Seater,180x80x85,65.5,4.4,352,Modern,Foam + Fibre,Walnut Wood,No,1,Yes,11,4.16,3264,31809.09,12.18,90.91,0.32,Budget,15,Mid-Range,"@home, Damro, Durian, FabIndia",161.3333,146.56,0,0,High
P172,Comfort Plus Fabric 2 Seater Sofa In Grey Colour,Woodcraft,31229,25900,17,Faux Leather,Grey,2 Seater,182x80x88,44.3,3.9,294,Minimalist,High Density Foam,Stainless Steel,Yes,10,Yes,8,4.28,2915,28162.5,12.75,87.5,0.3146,Budget,16,Mid-Range,"@home, Damro, Durian, FabIndia",44.2703,584.65,0,0,Medium
P173,Aria Fabric 2 Seater Sofa In Beige Colour,Nilkamal,43081,32300,25,Faux Leather,Beige,2 Seater,180x82x84,62.3,4.4,488,Casual,Foam + Spring,Teak Wood,Yes,3,Yes,10,4.31,3058,35150.0,16.2,80.0,0.3429,Budget,11,Mid-Range,"@home, Damro, Durian, FabIndia",66.4768,518.46,0,0,High
P174,Imperio PU Leather 2 Seater Sofa In Tan Colour,Wakefit,63922,55000,14,Silk Velvet,Tan,2 Seater,176x79x84,52.6,4.9,225,Classic,Bonded Foam,Walnut Wood,No,3,Yes,9,4.3,2561,47777.78,13.33,88.89,0.3266,Budget,12,Premium,"Evok, Stanley",20.0455,1045.63,1,1,Medium
P175,Meadow Handloom 2 Seater Sofa In Ivory Colour,Sarita Handa,47876,40200,16,Polyester,Ivory,2 Seater,172x76x84,41.3,4.3,578,Casual,Feather + Foam,Solid Rosewood,No,3,Yes,8,4.19,2285,28487.5,20.75,100.0,0.2649,Budget,17,Mid-Range,"@home, Damro, Durian, FabIndia",61.8259,973.37,1,0,High
P176,Posh Velvet 2 Seater Sofa In Earthy Brown Colour,Zuari,16703,13400,20,Fabric,Earthy Brown,2 Seater,172x76x82,42.7,4.0,278,Vintage,Feather + Foam,Stainless Steel,No,2,Yes,11,4.11,3833,28254.55,14.36,90.91,0.3257,Budget,13,Mid-Range,"@home, Damro, Durian, FabIndia",82.9851,313.82,0,0,Medium
P177,Serene Microsuede 2 Seater Sofa In Sky Blue Colour,IKEA,57410,48200,16,Silk Velvet,Sky Blue,2 Seater,180x82x84,73.6,4.7,107,Modern,Feather + Foam,Solid Rosewood,No,7,Yes,18,4.26,6022,27005.56,15.72,88.89,0.7038,Top,1,Mid-Range,"@home, Damro, Durian, FabIndia",10.4336,654.89,1,1,Medium
P178,Tropicana Printed 2 Seater Sofa In Teal Colour,Springwel,61944,58800,5,Microfiber,Teal,2 Seater,183x84x88,40.4,3.8,551,Luxury,Bonded Foam,Wood,No,3,Yes,12,4.18,3947,25216.67,14.75,91.67,0.4057,Budget,8,Mid-Range,"@home, Damro, Durian, FabIndia",35.6088,1455.45,1,0,High
P179,Monarch Leather 2 Seater Sofa In Sky Blue Colour,Featherlite,17909,16500,8,Genuine Leather,Sky Blue,2 Seater,180x80x85,51.2,4.9,107,Bohemian,Memory Foam,Walnut Wood,Yes,3,Yes,11,4.36,3342,33145.45,11.73,81.82,0.4262,Budget,6,Mid-Range,"@home, Damro, Durian, FabIndia",31.7758,322.27,0,1,Medium
P180,Plush Fabric 2 Seater Sofa In Burgundy Colour,Godrej Interio,61398,49700,19,Jacquard Fabric,Burgundy,2 Seater,172x76x82,74.7,4.2,88,Casual,Memory Foam,Reclaimed Wood,No,3,Yes,14,4.29,4744,36264.29,15.43,92.86,0.5842,Mid,3,Mid-Range,"@home, Damro, Durian, FabIndia",7.4366,665.33,1,0,Low
P181,Vintage Reclaimed 2 Seater Sofa In Dark Green Colour,Hometown,29043,26100,10,Fabric,Dark Green,2 Seater,168x74x82,53.2,4.1,493,Rustic,Memory Foam,Plastic,Yes,2,Yes,11,4.16,3264,31809.09,12.18,90.91,0.32,Budget,15,Mid-Range,"@home, Damro, Durian, FabIndia",77.4444,490.6,0,0,High
P182,Alesund Fabric 2 Seater Sofa In Red Colour,Nilkamal,80483,76500,5,Microfiber,Red,2 Seater,160x70x75,73.8,3.8,84,Luxury,Foam + Spring,Walnut Wood,Yes,5,Yes,10,4.31,3058,35150.0,16.2,80.0,0.3429,Budget,11,Mid-Range,"@home, Damro, Durian, FabIndia",4.1725,1036.59,1,0,Low
P183,Regal Chesterfield 2 Seater Sofa In Dark Green Colour,Zuari,89585,67200,25,Microfiber,Dark Green,2 Seater,180x80x85,52.2,4.1,421,Classic,Memory Foam,Sheesham Wood,Yes,2,Yes,11,4.11,3833,28254.55,14.36,90.91,0.3257,Budget,13,Mid-Range,"@home, Damro, Durian, FabIndia",25.686,1287.36,1,0,High
P184,Compact Polyester 2 Seater Sofa In Charcoal Colour,Springwel,12194,10400,15,Microsuede,Charcoal,2 Seater,188x86x92,41.5,4.0,207,Traditional,Foam + Fibre,Plastic,No,10,Yes,12,4.18,3947,25216.67,14.75,91.67,0.4057,Budget,8,Mid-Range,"@home, Damro, Durian, FabIndia",79.6154,250.6,0,0,Medium
P185,Comfy Microfiber 2 Seater Sofa In Carbon Grey Colour,Evok,27974,21000,25,Silk Velvet,Carbon Grey,2 Seater,183x84x88,64.6,4.9,197,Minimalist,Bonded Foam,Solid Wood,No,3,Yes,7,4.39,1297,40571.43,17.29,100.0,0.3208,Budget,14,Premium,"Stanley, Wakefit",45.9667,325.08,0,1,Medium
P186,Havana Leather 2 Seater Sofa In Caramel Colour,Woodcraft,17939,16300,9,Linen,Caramel,2 Seater,185x80x88,45.7,4.1,595,Scandinavian,Memory Foam,Reclaimed Wood,Yes,3,Yes,8,4.28,2915,28162.5,12.75,87.5,0.3146,Budget,16,Mid-Range,"@home, Damro, Durian, FabIndia",149.6626,356.67,0,0,High
P187,Porto Velvet 2 Seater Sofa In Caramel Colour,IKEA,13613,11700,14,Handloom Cotton,Caramel,2 Seater,170x75x80,36.8,3.8,315,Minimalist,Feather + Foam,Reclaimed Wood,Yes,10,Yes,18,4.26,6022,27005.56,15.72,88.89,0.7038,Top,1,Mid-Range,"@home, Damro, Durian, FabIndia",102.3077,317.93,0,0,High
P188,Cairo Linen 2 Seater Sofa In Mustard Yellow Colour,Featherlite,52762,49600,6,Handloom Cotton,Mustard Yellow,2 Seater,183x84x88,76.8,4.2,243,Artisanal,High Resilience Foam,Metal,Yes,2,No,11,4.36,3342,33145.45,11.73,81.82,0.4262,Budget,6,Mid-Range,"@home, Damro, Durian, FabIndia",20.5766,645.83,1,0,Medium
P189,Oslo Fabric 2 Seater Sofa In Dark Brown Colour,Stanley,62694,55200,12,Cotton Fabric,Dark Brown,2 Seater,174x78x84,46.5,4.6,379,Rustic,Foam,Reclaimed Wood,No,1,Yes,8,4.34,2760,43687.5,13.25,100.0,0.4094,Budget,7,Premium,"Evok, Wakefit",31.5833,1187.1,1,1,High
P190,Kyoto Suede 2 Seater Sofa In White Colour,IKEA,52442,45600,13,Microfiber,White,2 Seater,172x76x82,67.8,3.8,319,Traditional,Foam + Fibre,Solid Oak,Yes,1,Yes,18,4.26,6022,27005.56,15.72,88.89,0.7038,Top,1,Mid-Range,"@home, Damro, Durian, FabIndia",26.5833,672.57,1,0,High
P191,Lima Cotton 2 Seater Sofa In Dark Blue Colour,Evok,22397,19000,15,Chenille,Dark Blue,2 Seater,174x78x84,80.6,4.6,422,Scandinavian,Foam + Spring,Wood,Yes,1,Yes,7,4.39,1297,40571.43,17.29,100.0,0.3208,Budget,14,Premium,"Stanley, Wakefit",102.1684,235.73,0,1,High
P192,Vienna Chenille 2 Seater Sofa In Royal Blue Colour,FabIndia,47094,38100,19,Faux Leather,Royal Blue,2 Seater,185x82x88,87.3,4.0,22,Minimalist,Feather + Foam,Metal,Yes,3,Yes,6,4.27,1578,34100.0,19.67,83.33,0.1541,Budget,20,Mid-Range,"@home, Damro, Durian, Featherlite",2.3097,436.43,0,0,Low
P193,Berlin Fabric 2 Seater Sofa In Light Brown Colour,Pepperfry,68884,55100,20,Microsuede,Light Brown,2 Seater,182x80x88,49.8,4.7,365,Luxury,Memory Foam,Metal,No,2,Yes,11,4.26,3273,30181.82,15.73,90.91,0.3936,Budget,9,Mid-Range,"@home, Damro, Durian, FabIndia",31.1343,1106.43,1,1,High
P194,Roma Leatherette 2 Seater Sofa In Carbon Grey Colour,Featherlite,17529,16700,5,Handloom Cotton,Carbon Grey,2 Seater,192x88x105,41.8,4.8,471,Industrial,Memory Foam,Plastic,Yes,1,Yes,11,4.36,3342,33145.45,11.73,81.82,0.4262,Budget,6,Mid-Range,"@home, Damro, Durian, FabIndia",135.3772,399.52,0,1,High
P195,Seoul Velvet 2 Seater Sofa In Black Colour,Durian,37701,31700,16,Linen,Black,2 Seater,174x78x84,71.5,4.5,73,Luxury,Coil Spring,Solid Wood,Yes,3,Yes,6,4.27,1629,26766.67,13.67,83.33,0.1579,Budget,19,Mid-Range,"@home, Damro, FabIndia, Featherlite",10.3628,443.36,0,1,Low
P196,Dubai Leather 2 Seater Sofa In Tan Colour,Stanley,60108,54700,9,Faux Leather,Tan,2 Seater,168x74x82,67.7,4.3,475,Luxury,High Density Foam,Stainless Steel,Yes,2,Yes,8,4.34,2760,43687.5,13.25,100.0,0.4094,Budget,7,Premium,"Evok, Wakefit",37.34,807.98,1,0,High
P197,Paris Jacquard 2 Seater Sofa In Sky Blue Colour,Recliners India,26277,24400,7,Chenille,Sky Blue,2 Seater,168x78x80,75.2,3.7,340,Rustic,Foam + Spring,Stainless Steel,No,1,Yes,12,4.34,4228,34000.0,11.75,83.33,0.5015,Mid,5,Mid-Range,"@home, Damro, Durian, FabIndia",51.5574,324.47,0,0,High
P198,Tokyo Microfiber 2 Seater Sofa In Tan Colour,Godrej Interio,19999,15000,25,Silk Velvet,Tan,2 Seater,185x84x86,44.0,4.0,238,Industrial,Foam + Fibre,Plastic,Yes,1,Yes,14,4.29,4744,36264.29,15.43,92.86,0.5842,Mid,3,Mid-Range,"@home, Damro, Durian, FabIndia",63.4667,340.91,0,0,Medium
P199,Sydney Fabric 2 Seater Sofa In Carbon Grey Colour,IKEA,78039,64000,18,Microsuede,Carbon Grey,2 Seater,168x74x82,52.3,3.7,303,Rustic,Pocket Spring,Metal,Yes,1,Yes,18,4.26,6022,27005.56,15.72,88.89,0.7038,Top,1,Mid-Range,"@home, Damro, Durian, FabIndia",17.5172,1223.71,1,0,High
P200,Tochi Fabric 2 Seater Sofa In Teal Colour,Zuari,32253,26800,17,Cotton Fabric,Teal,2 Seater,175x78x82,51.3,3.6,265,Industrial,Foam,Plastic,Yes,7,Yes,11,4.11,3833,28254.55,14.36,90.91,0.3257,Budget,13,Mid-Range,"@home, Damro, Durian, FabIndia",35.597,522.42,0,0,Medium
